{"train_loss": [1.5587621332104526, 0.20276439141475938, 0.13990257292751154, 0.1132796159604098, 0.10026733777478065, 0.08952022695027378, 0.08008901455113741, 0.07062275311840115, 0.06871968498190936, 0.07106413308957323, 0.06828961688932494, 0.058334496221929835, 0.06369389610899424, 0.060112417359553756, 0.056053809203504036, 0.055799240038218983, 0.052207025061446435, 0.053454920731077146, 0.05061534349690771, 0.05016354075995943, 0.050936460751996905, 0.04802052306125611, 0.05087296805695119, 0.04473229014773422, 0.047010707894763346, 0.04005416774717631, 0.045148491078545995, 0.04994376328701206, 0.04602154949139402, 0.04589429162458129], "train_acc": [0.7163764510779436, 0.9554311774461028, 0.9645936981757878, 0.9698175787728026, 0.9733416252072968, 0.975, 0.9780679933665009, 0.9801409618573798, 0.9808872305140962, 0.9789800995024875, 0.9805970149253731, 0.983457711442786, 0.9806384742951907, 0.9819651741293532, 0.9837479270315092, 0.9832918739635158, 0.9835820895522388, 0.9832918739635158, 0.9843283582089553, 0.9844112769485904, 0.9844941956882255, 0.9857794361525705, 0.9847844112769486, 0.9861111111111112, 0.9857794361525705, 0.9876865671641791, 0.986028192371476, 0.9845771144278607, 0.9856550580431177, 0.9851575456053068], "val_loss": [1.4756181822091983, 1.4666013473697366, 1.4883516056225272, 0.7177325939657676, 1.1912197018144142, 0.4511986220159736, 0.9365872994781924, 0.5947731041591954, 0.07508810898211861, 1.398077205243593, 0.6729700062207717, 0.18564297037931224, 0.494969309572359, 0.12637154535076905, 0.2869550547196497, 0.22748289017831508, 1.668018241426838, 0.27819730973560025, 0.3613461183967875, 1.119349604657238, 0.15762245650858825, 0.2281156897544861, 0.22966638901834663, 0.16374855561932522, 0.13207036488091767, 0.4018484443277862, 0.2816798668002608, 0.325333004458429, 0.1004702738812116, 0.09619941270568873], "val_acc": [0.6281923714759535, 0.6325041459369818, 0.6364842454394694, 0.7966832504145936, 0.6991708126036484, 0.8766169154228856, 0.748922056384743, 0.8281923714759536, 0.9771144278606965, 0.6792703150912106, 0.8208955223880597, 0.9529021558872305, 0.8653399668325041, 0.9684908789386402, 0.9167495854063018, 0.9343283582089552, 0.6235489220563848, 0.9147595356550581, 0.9008291873963515, 0.7223880597014926, 0.960530679933665, 0.9333333333333333, 0.9316749585406302, 0.9578772802653399, 0.9641791044776119, 0.8865671641791045, 0.9233830845771144, 0.9008291873963515, 0.9648424543946932, 0.972139303482587]}