{"train_loss": [1.0893753086156512, 0.2683188278283646, 0.19599726488489416, 0.1696031002485337, 0.15750225666743606, 0.16385560252180148, 0.1457164869657648, 0.14511713678415736, 0.11516494152706061, 0.11509307402728208, 0.10285583991575893, 0.11567558878245045, 0.06057853220860052, 0.05168482795802515, 0.04949894230233607, 0.03925626431950901, 0.03455869121794399, 0.03695370624414112, 0.027573719065038683], "train_acc": [0.719983416252073, 0.9195688225538972, 0.9427446102819237, 0.9496268656716418, 0.953150912106136, 0.9517827529021559, 0.9566334991708126, 0.955514096185738, 0.9662520729684909, 0.9648424543946932, 0.96969320066335, 0.9652155887230514, 0.9802653399668325, 0.9829601990049751, 0.9840381426202321, 0.9875207296849088, 0.9884742951907131, 0.9883084577114428, 0.990257048092869], "val_loss": [2.011543296462861, 1.3657362557169217, 0.5805400623017876, 1.3125132372130208, 0.28195643373093204, 0.24601692886494878, 1.0637645624170255, 0.5848314704290077, 0.2332158272539205, 0.42325507789405425, 0.26737059565325877, 0.8352683348442191, 0.25832465626114043, 0.33831418229276267, 0.39314650223029785, 0.44315655077274757, 0.5199378575851669, 0.3038417506573805, 0.2485647347732563], "val_acc": [0.5621890547263682, 0.6971807628524046, 0.851077943615257, 0.7051409618573797, 0.9137645107794361, 0.9326699834162521, 0.8262023217247098, 0.8524046434494196, 0.9412935323383085, 0.9008291873963515, 0.9257048092868988, 0.7953565505804312, 0.9233830845771144, 0.8938640132669984, 0.8859038142620232, 0.8756218905472637, 0.8620232172470979, 0.9167495854063018, 0.9356550580431178]}