{"train_loss": [1.1284746246071287, 0.25769722972879816, 0.17994822390206305, 0.15678847835537552, 0.13445172861582066, 0.12750089267819054, 0.10802533354246589, 0.11074807860576776, 0.09506702454903204, 0.09387501891644165, 0.09184639931883018, 0.09161787674526445, 0.08319666089710255, 0.08831852155286811, 0.08194922145877058, 0.0583321140422884, 0.03788205648078946, 0.04398399132214093, 0.03197448002860688, 0.032958952920081996, 0.029396859408254535, 0.026690115184174332, 0.025962791607857062, 0.026376916092569598, 0.02361815258326118, 0.027698959235024273, 0.02373321887367824, 0.02485325830064986, 0.02527130978004122, 0.020201492424965172, 0.021104489902354993, 0.01950465937197346, 0.017634214442007082, 0.018750664576234106, 0.021285446221003035, 0.022987983881473165, 0.0206740888787133, 0.01806956815934464, 0.019164495933742053, 0.020866262369820733, 0.020230017127272813, 0.0188213041773054, 0.01845555649353229, 0.01873619882697696, 0.019465695094289397, 0.01764011564284214, 0.016631276039722174, 0.019243002146663614, 0.017293176424791747, 0.018079385288251447], "train_acc": [0.7192134565268894, 0.9230040274816395, 0.9463160388533522, 0.952333570244018, 0.9605780620705994, 0.9616204690831557, 0.9682539682539683, 0.9667851220090026, 0.9698649609097371, 0.9709547500592277, 0.9724709784411277, 0.9714759535655058, 0.9739398246860933, 0.9733238569059465, 0.9749822316986496, 0.982610755745084, 0.9882018479033404, 0.9853589196872778, 0.989528547737503, 0.9896233120113717, 0.9905709547500592, 0.9909500118455342, 0.9918976545842217, 0.9915659796256812, 0.9916133617626155, 0.9915185974887467, 0.9924662402274342, 0.9918502724472874, 0.9917555081734186, 0.9926083866382374, 0.9928926794598436, 0.9929874437337124, 0.9944089078417436, 0.9938403221985311, 0.9926083866382374, 0.9927031509121061, 0.9931295901445155, 0.9939824686093343, 0.993319118692253, 0.9928452973229093, 0.9934612651030561, 0.9931295901445155, 0.9930822080075812, 0.9936034115138592, 0.9931295901445155, 0.9939824686093343, 0.9941246150201374, 0.9935086472399905, 0.9934138829661218, 0.9934138829661218], "val_loss": [1.2658121427295614, 2.590695097315964, 1.2889107689434418, 0.888924269098943, 0.7756447182365911, 1.132522208951599, 0.47621906375015155, 0.4307909208447186, 0.45151065110072963, 0.3273884106347118, 0.6327787118072731, 0.24993942259234772, 0.8037889869553138, 0.6647918934450419, 0.6539678008006777, 0.5071021465915155, 0.5611377600611344, 0.6009138855174999, 0.5061927087370238, 0.38513144573218394, 0.4627921974579889, 0.3297600780355792, 0.2327553920583741, 0.21559762951375833, 0.37642179858402824, 0.26630145574967756, 0.4350722421164536, 0.29319262535405494, 0.29310010209475734, 0.2841058815052582, 0.2357201351583387, 0.22870884087974605, 0.21770976410736986, 0.22713742121918185, 0.19970433666010945, 0.19741610946136823, 0.2686719849495647, 0.22837208235176099, 0.16683451507277602, 0.24757998418711608, 0.23336801747999975, 0.25163785235193337, 0.23061237432105872, 0.22813955338557512, 0.23657453332040737, 0.25049562905830136, 0.2460801524710942, 0.248812979577761, 0.24189991635790908, 0.23648651275678753], "val_acc": [0.6679933665008292, 0.5051409618573798, 0.6948590381426202, 0.7585406301824212, 0.7883913764510779, 0.7152570480928689, 0.8580431177446103, 0.8734660033167496, 0.8729684908789387, 0.9001658374792704, 0.8389718076285241, 0.9296849087893864, 0.81575456053068, 0.8213930348258707, 0.8441127694859039, 0.860033167495854, 0.8432835820895522, 0.8454394693200663, 0.8587064676616916, 0.8918739635157545, 0.8635157545605306, 0.9018242122719735, 0.9295190713101161, 0.9328358208955224, 0.8895522388059701, 0.9220563847429519, 0.8791044776119403, 0.912106135986733, 0.9137645107794361, 0.9165837479270315, 0.9286898839137645, 0.9326699834162521, 0.9339966832504146, 0.9291873963515754, 0.9388059701492537, 0.9391376451077944, 0.918407960199005, 0.9293532338308458, 0.9489220563847429, 0.924212271973466, 0.930514096185738, 0.9238805970149254, 0.9303482587064676, 0.9310116086235489, 0.9283582089552239, 0.9238805970149254, 0.9248756218905473, 0.9243781094527364, 0.9257048092868988, 0.9275290215588723]}