{"train_loss": [1.352338115442028, 0.2617676806432945, 0.1854508217675684, 0.1702291624335931, 0.15199629446463797, 0.13558155805952768, 0.13532996315776497, 0.12779374974326368, 0.11611043464633362, 0.11266522993834711, 0.07565689329971383, 0.06450791869103358, 0.0575259179544093, 0.05821017418625978, 0.06345116642344142, 0.06269342431000301, 0.06039468205342627, 0.053327808300113966, 0.043131390494620794, 0.04176034808751956, 0.04016460480887308, 0.03376955613149721, 0.03745103463763537, 0.03289835814796335, 0.03209618431805251, 0.028929528227147422, 0.03222402579137194, 0.027497240455123494, 0.028846129448786537], "train_acc": [0.6973229092632077, 0.9212035062781332, 0.9465055674010898, 0.9476427386875148, 0.9540393271736556, 0.9592039800995025, 0.9595830371949775, 0.9616204690831557, 0.9631366974650557, 0.9672589433783464, 0.9755508173418621, 0.9792940061596778, 0.9817578772802653, 0.9807154702677091, 0.9819947879649372, 0.9800047382136934, 0.9815209665955935, 0.983605780620706, 0.9865908552475716, 0.9860222696043591, 0.9872068230277186, 0.9890073442312248, 0.9875858801231936, 0.9886756692726842, 0.9886282871357498, 0.9903814262023217, 0.989528547737503, 0.9912343046671405, 0.9905709547500592], "val_loss": [1.860871448564292, 1.9572688284204967, 1.3201550892929532, 2.020213732790591, 0.5952763928702814, 1.965968662233495, 0.569037190657943, 1.5978300017503957, 0.8468629523889343, 0.8784430685328014, 0.5297851877426034, 0.6306973829198239, 0.572743967931662, 0.39760947571465033, 0.9633583599062109, 0.44072510786910557, 0.6254843286020839, 0.4736301152860347, 0.3910154575732217, 0.6132107334350472, 0.6534104285548575, 0.4940734766015959, 0.4712733035360403, 0.39978155760622736, 0.48566392280569126, 0.4805209483080242, 0.4399948044202814, 0.4134898503621419, 0.5049688716432942], "val_acc": [0.5225538971807628, 0.5381426202321725, 0.6683250414593698, 0.5354892205638474, 0.8356550580431178, 0.5378109452736318, 0.8359867330016584, 0.6106135986733001, 0.7585406301824212, 0.7691542288557214, 0.8437810945273632, 0.8235489220563847, 0.845771144278607, 0.8850746268656716, 0.7393034825870647, 0.8633499170812604, 0.8364842454394693, 0.8656716417910447, 0.8839137645107794, 0.8346600331674958, 0.8290215588723051, 0.8615257048092869, 0.8650082918739636, 0.8819237147595357, 0.8567164179104477, 0.8595356550580431, 0.8709784411276948, 0.878441127694859, 0.8525704809286899]}