{"train_loss": [0.7465965688525148, 2.1128192223126616, 1.5483125961835111, 1.3952544371287028, 1.349629300032089, 1.3062475455934135, 1.268050682959865, 1.2626009754873626, 1.2104321231889488, 1.211727371974964, 1.1902833496160174, 1.1924428279720136, 1.105818336045564, 1.0847760590747815], "train_acc": [0.002777777777777778, 0.7572553897180763, 0.8824626865671642, 0.9111111111111111, 0.9180348258706468, 0.9269485903814262, 0.9334577114427861, 0.933167495854063, 0.9432835820895522, 0.9423300165837479, 0.9467661691542288, 0.945771144278607, 0.9592454394693201, 0.9604477611940299], "train_radical_acc": [0.8349502487562189, 0.9395936981757878, 0.9637230514096186, 0.9725538971807629, 0.9753731343283583, 0.9754975124378109, 0.977072968490879, 0.9779850746268657, 0.9805140961857379, 0.9814262023217247, 0.9820480928689884, 0.9815091210613599, 0.9862769485903814, 0.9869817578772803], "train_stroke_acc": [0.6302653399668325, 0.8387230514096186, 0.9009535655058043, 0.9269485903814262, 0.9298507462686567, 0.9369817578772802, 0.9439054726368159, 0.9426202321724709, 0.950497512437811, 0.9513266998341625, 0.9539800995024875, 0.952363184079602, 0.9630182421227197, 0.9641791044776119], "val_loss": [0.15414553059274286, 1.1477023495963556, 1.0491421890496022, 1.0229046382121185, 0.9936496993202475, 0.9874478839523163, 0.9845810502322752, 0.9391839369612547, 0.9262171974229575, 0.9900571567502188, 0.9422911824871651, 0.9397475999979238, 0.8939161627446834, 0.8902245921875114], "val_acc": [0.0003316749585406302, 0.9665008291873963, 0.9854063018242123, 0.9860696517412936, 0.9870646766169154, 0.987396351575456, 0.9857379767827529, 0.9940298507462687, 0.9953565505804312, 0.9837479270315092, 0.9903814262023217, 0.9900497512437811, 0.9927031509121061, 0.9943615257048093], "val_radical_acc": [0.9764510779436153, 0.993698175787728, 0.9976782752902156, 0.9976782752902156, 0.9983416252072969, 0.9966832504145937, 0.997346600331675, 0.9996683250414594, 0.9990049751243781, 0.996351575456053, 0.9970149253731343, 0.9970149253731343, 0.9983416252072969, 0.9990049751243781], "val_stroke_acc": [0.9177446102819237, 0.9718076285240465, 0.987396351575456, 0.9887230514096186, 0.9907131011608623, 0.9903814262023217, 0.9880597014925373, 0.993698175787728, 0.9946932006633499, 0.9834162520729685, 0.9923714759535655, 0.9923714759535655, 0.9956882255389718, 0.9950248756218906]}