{"train_loss": [3.4114949584600343, 2.720715110060785, 2.6331996647279654, 2.5924712637368326, 2.5685250788383422, 2.560066096383343, 2.5460096219285804, 2.5512428567579533, 2.5467576467378024, 2.4890437157790655, 2.3875266852070443, 2.395795415843502, 2.348355231039955, 2.3214898969798936, 2.3031886701757833, 2.3151831314536073, 2.30431219768366, 2.2872811191710665, 2.301368572976854, 2.285833620036617, 2.305544026850863, 2.252915507802125, 2.22728102108337], "train_acc": [0.24382255389718077, 0.35203150912106135, 0.3693200663349917, 0.3826285240464345, 0.389469320066335, 0.3905887230514096, 0.39854892205638476, 0.40058043117744613, 0.40111940298507465, 0.4128524046434494, 0.42632669983416255, 0.4236733001658375, 0.43648424543946934, 0.43565505804311777, 0.43959369817578775, 0.44096185737976784, 0.44639303482587067, 0.4463515754560531, 0.4419154228855721, 0.44535655058043117, 0.44033996683250415, 0.44593698175787727, 0.4537313432835821], "val_loss": [3.691740149091528, 3.529726398524953, 3.522305118820165, 3.5187024507158826, 3.646708442836654, 3.6501910124252093, 3.7060555010490353, 3.744146384686775, 3.7237142028302497, 3.6091922538592844, 3.566764132339958, 3.545326613589108, 3.5458989827391716, 3.451875843693368, 3.4231014041362906, 3.4047322896384875, 3.4583635551617116, 3.393110073462845, 3.420064131102554, 3.463118349695285, 3.458031242206124, 3.44713968756187, 3.406944556180913], "val_acc": [0.16849087893864012, 0.2076285240464345, 0.20796019900497512, 0.21028192371475954, 0.20630182421227197, 0.21194029850746268, 0.21194029850746268, 0.20033167495854062, 0.208955223880597, 0.21890547263681592, 0.22587064676616916, 0.22819237147595356, 0.22454394693200663, 0.23980099502487562, 0.24145936981757876, 0.24510779436152572, 0.23814262023217247, 0.248424543946932, 0.23946932006633498, 0.23980099502487562, 0.23946932006633498, 0.23582089552238805, 0.23880597014925373]}