{"train_loss": [2.59711798502142, 1.205618907851942, 1.0722042458860515, 1.0076085701161366, 0.9637484521080594, 0.9306505599638853, 0.9087301506167184, 0.8866048499713044, 0.8689987888454483, 0.8570217985828834, 0.6399574157928359, 0.5954412897767447, 0.577787937140489, 0.5680877119214524, 0.5671263919470587, 0.5572652154341863, 0.5530572243904691, 0.5492748556907476, 0.42856838270324427, 0.3938929726319237, 0.3866472608477186, 0.3778874825108235, 0.3757589245274017, 0.3674701191904361, 0.3698803291313764, 0.31624621478408393, 0.29771945985452136, 0.2911691569674399, 0.2835538763642247, 0.28205488249433613], "train_acc": [0.5979289267094146, 0.8290285851261461, 0.8598597710792832, 0.8749014202672739, 0.8856307305087793, 0.8932797986456523, 0.8977191825972314, 0.9022904057050398, 0.9055504284772578, 0.9082735063222868, 0.9258392760831785, 0.9294492718882963, 0.931592257445916, 0.9332845927967879, 0.9333493138371187, 0.9348091328579133, 0.9355690058129082, 0.9359141846946725, 0.9445460538143465, 0.9468328639060346, 0.946219212560676, 0.9471852340145023, 0.948122490561515, 0.9487864804937975, 0.948295080002397, 0.9528639060346378, 0.9542134595793133, 0.9541007970276263, 0.9546209624258405, 0.9540936058009228], "train_comp_acc": [0.0, 0.0, 0.0, 0.0, 0.0, 0.0, 0.0, 0.0, 0.0, 0.0, 4.7941511356145504e-06, 2.8764906813687303e-05, 2.8764906813687303e-05, 7.910349373764008e-05, 6.71181158986037e-05, 9.108887157667645e-05, 0.00010547132498352011, 8.629472044106191e-05, 0.0042763828129681785, 0.010441661173368491, 0.013524300353568646, 0.015794330916282136, 0.016407982261640797, 0.018119494217055193, 0.018356804698268114, 0.027705399412716485, 0.031780427877988855, 0.033185114160723915, 0.03472163959968838, 0.036018457481872115], "val_loss": [0.6982992464944208, 0.5703561388100975, 0.5606084625642347, 0.500611139828964, 0.5463096544374194, 0.49000954795213575, 0.45948128820527784, 0.5079398432735325, 0.47937007270742193, 0.4538126479355409, 0.23583059821706634, 0.2471961636038825, 0.23681649933521978, 0.2199843387392611, 0.2321345897318038, 0.24520277360743037, 0.2272450584103243, 0.24057665846176546, 0.1337160772686872, 0.12795213244949605, 0.14270090633112706, 0.11896341403068239, 0.1226451698920278, 0.12213544587480474, 0.12195011401177853, 0.10242710143012858, 0.09717390485713356, 0.09020202519013791, 0.09091628716022576, 0.09135834574781913], "val_acc": [0.9452400728230684, 0.9679679175790524, 0.967858850771438, 0.9767268212059433, 0.9737316788737593, 0.9755270863221833, 0.9821885513411023, 0.9789752753936892, 0.9807539033332494, 0.9793528143431242, 0.9892611143271837, 0.989311452853775, 0.9887661188157023, 0.9897225508209375, 0.9903014438767377, 0.9894121299069576, 0.98893391390434, 0.9892107758005924, 0.9940097153356321, 0.9937496329482436, 0.993640566140629, 0.9944627620749541, 0.9942530182141569, 0.993573448105174, 0.9936321763861972, 0.994991316604163, 0.9950248756218906, 0.995360465799166, 0.9950332653763224, 0.9949325883231398], "val_comp_acc": [0.0, 0.0, 0.0, 0.0, 0.0, 0.0, 0.0, 0.0, 0.0, 0.0, 0.00015940533420586778, 0.0003943184582987256, 0.00042787747602627673, 0.0008809242153482167, 0.0003943184582987256, 0.00021813361522908225, 0.0018876947471747501, 0.0005788930558002567, 0.02164556643427047, 0.026528403513629156, 0.030068879883885798, 0.03216631849185774, 0.036008826021662346, 0.040287600781925115, 0.0410510684352269, 0.04304782999001619, 0.044323072663663136, 0.04368545132683967, 0.04638695225390753, 0.044901965719463394]}