{"train_loss": [0.9966769554721775, 0.2745559293239271, 0.27874834904845674, 0.18225925412788913, 0.15618341083253795, 0.15765368757927004, 0.1531028097374967, 0.14991293933372296, 0.23213379040212181, 0.1705974148732346, 0.08943951215539406, 0.07534019061623706], "train_acc": [0.7443615257048093, 0.9174543946932007, 0.9178275290215588, 0.9460199004975124, 0.9549751243781095, 0.9546019900497512, 0.9575041459369817, 0.9585406301824212, 0.9369817578772802, 0.9521144278606966, 0.9737976782752902, 0.9765339966832504], "val_loss": [2.5371771055667556, 4.146715139037934, 0.9179774778399301, 1.1422757887721655, 0.8099237896909761, 0.13154718722795966, 0.1484775117380702, 0.3804609855460883, 0.9747949606743618, 0.3524351540341306, 0.49120606391584104, 0.4258094628058856], "val_acc": [0.4935323383084577, 0.33996683250414594, 0.7558872305140962, 0.7081260364842454, 0.8182421227197346, 0.9608623548922056, 0.9674958540630182, 0.8922056384742952, 0.7648424543946932, 0.9097844112769486, 0.8739635157545605, 0.900497512437811]}