{"train_loss": [0.9051258312528999, 0.16719584689409184, 0.15297667634106593, 0.1184261362721671, 0.10509427810090889, 0.10117678017499139, 0.09362112285683602, 0.08449248010246314, 0.09278328246243953, 0.08472303098707057, 0.09391984106790564, 0.08493265942307451, 0.05109291357385183], "train_acc": [0.8063018242122719, 0.9538971807628525, 0.9562603648424544, 0.9649253731343284, 0.9687810945273632, 0.9717661691542289, 0.9737976782752902, 0.9762437810945274, 0.972636815920398, 0.9752072968490879, 0.9736733001658375, 0.9752902155887231, 0.9842039800995025], "val_loss": [2.3900174073714324, 0.9802453152180509, 0.9348016742450088, 0.5107825195018332, 0.39474463362994283, 0.7579431952133305, 0.6623015107009343, 0.07672785448395396, 0.6504192331932472, 0.27619424123273756, 1.1788247484868242, 0.2558187394098658, 0.18812657956460221], "val_acc": [0.4593698175787728, 0.7131011608623549, 0.7366500829187397, 0.8543946932006633, 0.8865671641791045, 0.7781094527363184, 0.8056384742951908, 0.9774461028192372, 0.8129353233830846, 0.9266998341625208, 0.718407960199005, 0.9213930348258706, 0.9422885572139303]}