{"loss": [4.50329292182588, 3.6378808046624265, 2.8930486484094695, 2.344940920244374, 1.9510563509578926, 1.6592310861907449, 1.451949100521497, 1.266812753643478, 1.142710993414777, 1.0358969411489043, 0.9556235163620201, 0.9006113098240158, 0.8323955824034273, 0.7795540832352, 0.722534501137425], "val_loss": [3.8190820328631805, 3.132079062533023, 4.135581533232732, 4.053439285268831, 1.9787920898465967, 1.9001292456837238, 2.3271996405982653, 3.552274604816342, 3.1884111419443664, 2.2183584000538437, 3.2406699546731725, 2.7036957512249797, 3.368938809880372, 3.42901354761266, 2.2150028987508112], "acc": [0.055863539445628996, 0.19246624022743425, 0.3487799099739398, 0.46202321724709783, 0.5406301824212272, 0.6064913527600094, 0.6460554371002132, 0.6917791992418858, 0.7175076995972518, 0.7434731106372897, 0.7580194266761431, 0.7690594645818526, 0.7868751480691779, 0.7963041933191187, 0.8132669983416252], "val_acc": [0.18208955223880596, 0.3398009950248756, 0.16583747927031509, 0.15903814262023216, 0.5399668325041459, 0.5414593698175788, 0.45240464344941955, 0.3174129353233831, 0.3164179104477612, 0.5081260364842455, 0.29203980099502486, 0.4230514096185738, 0.3504145936981758, 0.3341625207296849, 0.4741293532338308]}