{"train_loss": [1.3186626256740763, 0.3224195374100447, 0.24499989745035694, 0.20006779570611724, 0.1882812900287341, 0.17817659142407952, 0.14943476478174042, 0.15242020006966064, 0.13535614840437438, 0.1372567856786263, 0.13899086518285964, 0.1284193692838756, 0.11395366752219692, 0.11823481707420007, 0.07069026147145792, 0.0612804931454101, 0.06116873826977202, 0.049154360728456185, 0.039549620311731086, 0.04028106290534637, 0.040584814782812395, 0.038290820829106946, 0.03628567650374065, 0.03400465562362449, 0.030320783065765692, 0.028115644940627207], "train_acc": [0.6667140488036011, 0.905662165363658, 0.929258469556977, 0.9403932717365553, 0.943378346363421, 0.9488746742478086, 0.9554134091447525, 0.9550343520492774, 0.9600568585643212, 0.959014451551765, 0.9592039800995025, 0.9627576403695807, 0.9662165363657901, 0.966074389954987, 0.9786780383795309, 0.9808576166785122, 0.9809997630893154, 0.9839374555792466, 0.9873489694385217, 0.9875858801231936, 0.9869225302061123, 0.988012319355603, 0.9875384979862591, 0.9891021085050936, 0.9897654584221749, 0.9910921582563373], "val_loss": [5.058382594170262, 2.714848785020819, 2.7189051782313864, 5.184312084065148, 2.8466631573824146, 4.2638522840850985, 1.715667697327647, 0.8884291023757327, 3.0229060462458217, 4.57089186331526, 0.5360520613134204, 2.075292850845489, 3.3179088466796114, 2.879912304996851, 2.4571653152579693, 3.8885347584586833, 3.686628988607606, 2.516716000808412, 2.276213911872598, 2.6623783071242753, 2.08002211418911, 2.4259204193134214, 2.043437516867225, 2.503084707022899, 2.4198383580392866, 2.1647568485630093], "val_acc": [0.1495854063018242, 0.3799336650082919, 0.3867330016583748, 0.22172470978441128, 0.42338308457711443, 0.3097844112769486, 0.5724709784411277, 0.7613598673300166, 0.3724709784411277, 0.2633499170812604, 0.8588723051409619, 0.5257048092868989, 0.41807628524046436, 0.39071310116086233, 0.4913764510779436, 0.35522388059701493, 0.40812603648424545, 0.536318407960199, 0.5283582089552239, 0.48640132669983416, 0.5532338308457712, 0.5177446102819238, 0.5663349917081261, 0.512603648424544, 0.536318407960199, 0.5630182421227198]}