{"train_loss": [2.96441216251348, 0.5288121037914187, 0.21941509022196726, 0.14514660241690835, 0.11319249391704056, 0.10034692359109028, 0.08124489716530638, 0.080666222256511, 0.07055532653162729, 0.06373269511247749, 0.0599019271421986, 0.06141373192888389, 0.04785074908379002, 0.047192025594845734], "train_acc": [0.4729270315091211, 0.927943615257048, 0.960820895522388, 0.9708126036484246, 0.9764096185737977, 0.975787728026534, 0.9799751243781094, 0.9813847429519071, 0.9817993366500829, 0.9835406301824212, 0.9844112769485904, 0.982089552238806, 0.9873134328358208, 0.9867744610281923], "val_loss": [1.8836044864670356, 1.3174868777023618, 1.2670733716357407, 0.899687859371527, 0.8469635356718035, 1.4624759569690002, 0.6287716570185191, 0.9466087639430665, 0.3357327420913165, 1.1747918111570241, 0.40786802657998816, 0.5688439904556147, 0.5424836953481038, 0.4742681414333742], "val_acc": [0.7064676616915423, 0.694195688225539, 0.6925373134328359, 0.775787728026534, 0.7847429519071311, 0.6470978441127695, 0.8351575456053068, 0.7635157545605307, 0.9114427860696518, 0.6971807628524046, 0.8822553897180763, 0.8530679933665009, 0.8514096185737977, 0.8723051409618574]}