{"train_loss": [1.4114025376768913], "train_acc": [0.6685633001422475], "train_comp_acc": [0.24324324324324326], "val_loss": [1.2844283230862215], "val_acc": [0.7014925373134329], "val_comp_acc": [0.4228855721393035]}