{"train_loss": [1.980059814004078, 0.779046425043308, 0.6175166147688897, 0.5429670531951373, 0.516059348103673, 0.5084656812573631, 0.4570533668562802, 0.45848239023971826, 0.45695133291412604, 0.4081045209005867, 0.2809426862950349, 0.24839795856672395, 0.24061265827157266, 0.2500369759765007, 0.24121258236896764, 0.23619311806277848, 0.23233518064572783, 0.18010648191610634, 0.16617713755085356, 0.1663688961916895, 0.15698479159808618, 0.1655526194289888, 0.1589960169457508, 0.16068716661126883, 0.12861119630536713, 0.12064254370643132], "train_acc": [0.5617626154939588, 0.8184790334044065, 0.8545842217484009, 0.8751480691779199, 0.8853352286188108, 0.8865671641791045, 0.897228144989339, 0.8997867803837953, 0.903150912106136, 0.9128168680407487, 0.9370291400142147, 0.9407723288320303, 0.9430466714048804, 0.9411040037905709, 0.9420516465292584, 0.9430940535418147, 0.9457000710732054, 0.9558872305140962, 0.9587301587301588, 0.9589196872778962, 0.9595830371949775, 0.9581615730869463, 0.9591092158256337, 0.9592987443733713, 0.9666903577351339, 0.9667851220090026], "train_comp_acc": [0.018763326226012792, 0.12106135986733002, 0.2688936271025823, 0.38597488746742475, 0.4437810945273632, 0.4975598199478796, 0.5325278370054489, 0.5486851457000711, 0.5599147121535181, 0.6032693674484719, 0.7111584932480455, 0.7543710021321962, 0.762046908315565, 0.7658848614072494, 0.771760246387112, 0.7700071073205401, 0.776545842217484, 0.7980099502487562, 0.8103293058516939, 0.8139303482587065, 0.8290926320777067, 0.8292821606254442, 0.8256811182184316, 0.8322672352523098, 0.8448235015399195, 0.8443496801705757], "val_loss": [0.7705939997487994, 0.6059487740198771, 0.29546226310492746, 0.30704458756233327, 0.2780113160461929, 0.20919486552625152, 0.15200210517615229, 0.23165812382650613, 0.24631276075816272, 0.3234803310377681, 0.056145251640558835, 0.052690597975728524, 0.08974531014908606, 0.044016147986869904, 0.06144633114856867, 0.08861501920430814, 0.06650645805902743, 0.03678554924418084, 0.03448106088300249, 0.035559608876260355, 0.03401661114442853, 0.03423688602981283, 0.0358436662407212, 0.04204543009029692, 0.03640391455305305, 0.04109025242094377], "val_acc": [0.8104477611940298, 0.8475953565505804, 0.9336650082918739, 0.9348258706467661, 0.9492537313432836, 0.9618573797678275, 0.966832504145937, 0.9555555555555556, 0.9590381426202321, 0.9436152570480929, 0.9907131011608623, 0.9912106135986734, 0.9857379767827529, 0.9925373134328358, 0.9877280265339967, 0.9815920398009951, 0.9859038142620232, 0.9945273631840796, 0.9935323383084577, 0.9935323383084577, 0.9958540630182421, 0.9943615257048093, 0.9950248756218906, 0.9953565505804312, 0.9955223880597015, 0.9943615257048093], "val_comp_acc": [0.05439469320066335, 0.1568822553897181, 0.3049751243781095, 0.4704809286898839, 0.6285240464344942, 0.7014925373134329, 0.7019900497512438, 0.7006633499170812, 0.705804311774461, 0.7048092868988391, 0.9414593698175787, 0.94212271973466, 0.9339966832504146, 0.9364842454394693, 0.9373134328358209, 0.9142620232172471, 0.9474295190713101, 0.9638474295190713, 0.9633499170812604, 0.9646766169154228, 0.972636815920398, 0.972636815920398, 0.9709784411276948, 0.9724709784411277, 0.9746268656716418, 0.9754560530679933]}