{"train_loss": [1.548803327222538, 0.5400586479268236, 0.40888041872968045, 0.36733533755576714, 0.335378305344637, 0.3332915028628228, 0.3055280921951173, 0.28805801656765273, 0.20118016530356964, 0.17380269586270355, 0.18190219415939976, 0.1805380727500041, 0.15018612857968908, 0.129938563174954], "train_acc": [0.6050698886519782, 0.8469556977019663, 0.8818289504856669, 0.8950485666903577, 0.9040511727078892, 0.9056147832267235, 0.9124378109452737, 0.9184553423359394, 0.942241175076996, 0.949301113480218, 0.9467424780857616, 0.9472636815920398, 0.9548448235015399, 0.9614309405354181], "val_loss": [0.5263763644110109, 0.16806294705416036, 0.10800656855699435, 0.12681366420207332, 0.06851218094212153, 0.07461015210729433, 0.08211013896647179, 0.07686344621638161, 0.028430124106129655, 0.023222150508959965, 0.032560756166232364, 0.03075158972243715, 0.022716669989734345, 0.02657962777044865], "val_acc": [0.852072968490879, 0.945273631840796, 0.9683250414593698, 0.963681592039801, 0.9812603648424544, 0.9779436152570481, 0.9759535655058044, 0.9769485903814262, 0.9955223880597015, 0.9943615257048093, 0.9920398009950249, 0.9923714759535655, 0.9938640132669984, 0.9945273631840796]}