{"train_loss": [2.3041784325416437, 0.6985368557660904, 0.5141151541924764, 0.44911496591946437, 0.39751979886454675, 0.37420505201949295, 0.35083772318534334, 0.32857005426426744, 0.31373896581305905, 0.28945739533177656, 0.2916630112046005, 0.2860046698227507, 0.2737233083413636, 0.26794775887790717, 0.2565847514234739, 0.25634673820855747, 0.2589446691321807, 0.19747443839332215, 0.1764529036756475, 0.1639967124790017, 0.1674280040207928, 0.17353266259062716, 0.17413681863015706, 0.16420827099311636, 0.13647366983260456, 0.13782495761215616, 0.1326937858339199, 0.1303474475368169, 0.12986945605580205, 0.12251569841942271], "train_acc": [0.4890784174366264, 0.8200900260601753, 0.8705520018952855, 0.8835347074153044, 0.8975598199478797, 0.9024875621890547, 0.9106846718787017, 0.9158493248045487, 0.9185974887467425, 0.9241885809049988, 0.9255152807391613, 0.925989102108505, 0.9312011371712864, 0.9322435441838427, 0.9354181473584459, 0.9362236436863303, 0.9340914475242833, 0.9472162994551054, 0.9528547737502961, 0.955366027007818, 0.9540867093105899, 0.9540393271736556, 0.9527600094764274, 0.9546552949538024, 0.9629471689173181, 0.9615730869462212, 0.9633736081497275, 0.9645107794361526, 0.9636579009713339, 0.9671641791044776], "train_comp_acc": [0.023406775645581617, 0.0814498933901919, 0.1693437574034589, 0.2920634920634921, 0.3877754086709311, 0.464818763326226, 0.5396825396825397, 0.5793413882966122, 0.6144515517649846, 0.6540156361051883, 0.6748637763563137, 0.6918265813788201, 0.7023454157782516, 0.7305851693911395, 0.7318171049514333, 0.7425254678986022, 0.7431414356787491, 0.7751243781094528, 0.8013740819710969, 0.8159677801468846, 0.8173418621179815, 0.824212271973466, 0.8220800758114191, 0.8316038853352287, 0.8395167022032693, 0.8407012556266288, 0.8465766406064914, 0.8468609334280977, 0.8504619758351102, 0.8539208718313196], "val_loss": [0.2557056176128672, 0.15098817378381393, 0.09392638355246428, 0.1263280703357203, 0.07578464381236144, 0.07130516985551782, 0.06995134692188124, 0.06292740339861184, 0.06035656745593445, 0.04810327878885997, 0.0524707070222838, 0.08135454881516213, 0.06484451138539546, 0.04324720998728651, 0.04524508405285293, 0.05153368620795026, 0.06318392237620567, 0.03139132544163547, 0.03662045552792216, 0.030972109263018393, 0.025723675570480067, 0.03566827792210959, 0.029530846874289845, 0.02622954532578217, 0.02489141647496985, 0.02358408601225584, 0.02405922940405546, 0.023320078052530932, 0.02705722611125676, 0.023343979409481914], "val_acc": [0.9402985074626866, 0.965837479270315, 0.9800995024875622, 0.9691542288557214, 0.9834162520729685, 0.9837479270315092, 0.9844112769485904, 0.9859038142620232, 0.987396351575456, 0.9895522388059701, 0.9902155887230514, 0.9800995024875622, 0.9862354892205638, 0.9932006633499171, 0.9908789386401327, 0.9908789386401327, 0.9864013266998342, 0.9938640132669984, 0.9923714759535655, 0.9941956882255389, 0.9950248756218906, 0.9940298507462687, 0.9938640132669984, 0.9940298507462687, 0.9948590381426202, 0.9951907131011609, 0.9943615257048093, 0.9948590381426202, 0.9948590381426202, 0.9953565505804312], "val_comp_acc": [0.058208955223880594, 0.187893864013267, 0.3925373134328358, 0.508955223880597, 0.687893864013267, 0.7756218905472637, 0.8038142620232173, 0.8237147595356551, 0.8442786069651741, 0.8774461028192372, 0.9071310116086235, 0.8986733001658375, 0.9177446102819237, 0.9310116086235489, 0.9341625207296849, 0.9338308457711443, 0.9207296849087894, 0.9570480928689884, 0.9660033167495854, 0.9681592039800995, 0.9666666666666667, 0.9709784411276948, 0.9655058043117745, 0.9666666666666667, 0.9754560530679933, 0.9742951907131011, 0.9749585406301824, 0.9751243781094527, 0.9781094527363184, 0.9781094527363184]}