{"loss": [4.2367119387409975, 3.396640749153891, 2.8799801353141894, 2.458492685172039, 2.0722220579218282, 1.7686343824374848, 1.5417190588076966, 1.3130223514852408, 1.1558385991536166, 1.02145339722064, 0.9236929243815734, 0.8460090389044977, 0.7640732828968086, 0.7072315882292157, 0.6602065969236482], "val_loss": [3.6710752138450964, 3.043714272560765, 2.5575972487479697, 2.1839762824487132, 1.7572260963778392, 1.4995359280413854, 1.321267849908737, 1.125983416164297, 0.9721928931587371, 0.8521667925477225, 0.7992427567146706, 0.9280140759339973, 0.6099993497973453, 0.5412105887584623, 0.515588180906144], "acc": [0.08362947168917319, 0.20540156361051884, 0.3045249940772329, 0.4066334991708126, 0.5041933191186923, 0.5763563136697465, 0.6283819000236911, 0.6817815683487325, 0.7199715707178393, 0.7512911632314617, 0.7701966358682777, 0.7879649372186686, 0.8082444918265814, 0.8208481402511253, 0.831272210376688], "val_acc": [0.172636815920398, 0.27860696517412936, 0.4064676616915423, 0.5071310116086235, 0.6170812603648425, 0.6701492537313433, 0.7006633499170812, 0.7406301824212272, 0.772636815920398, 0.7983416252072969, 0.8046434494195688, 0.7456053067993367, 0.8524046434494196, 0.8728026533996683, 0.8729684908789387]}