{"train_loss": [2.185032459323199, 0.6074638639911886, 0.4242879057249676, 0.3734728648308978, 0.3357509039330048, 0.3092599804622815, 0.27649313643401735, 0.2614287814139981, 0.25976116669048094, 0.2391468725747278, 0.19098009938765578, 0.17647540490863392, 0.1620145292194978, 0.15861502204340122, 0.16972732222198847, 0.15073483638100024, 0.15903530063377233, 0.16122371724002935, 0.15460432307382976, 0.13343895895380567, 0.12461703817543897, 0.11939506626996178, 0.12110171815818646, 0.12374845043661413, 0.12311000488813216, 0.12355959921602219, 0.10927563845313462, 0.11387697519022716, 0.10622087302393779], "train_acc": [0.4869462212745795, 0.8279080786543473, 0.8755745084103294, 0.8942430703624733, 0.9035773513385453, 0.9116323146173892, 0.91878701729448, 0.9229092632077707, 0.9261786306562426, 0.9287846481876333, 0.944894574745321, 0.9484008528784649, 0.9525230987917556, 0.9532812129827055, 0.950817341862118, 0.9550343520492774, 0.952712627339493, 0.9520492774224117, 0.9541340914475243, 0.9615257048092869, 0.9610992655768775, 0.9633262260127932, 0.962805022506515, 0.9638948116560057, 0.9624733475479744, 0.9629945510542526, 0.9676380004738214, 0.9657900971333807, 0.9673063255152807], "val_loss": [0.22479933317917497, 0.08776484058666388, 0.05984020052264579, 0.05021108594502185, 0.05017097501908962, 0.0473515533751022, 0.04109238347982305, 0.05068020835985271, 0.044935701810947894, 0.03747678582161158, 0.02904436804746489, 0.02676814695799748, 0.02561699455982548, 0.028251431360568582, 0.023206022948559116, 0.024624365705233776, 0.023362502983653884, 0.02488219458377966, 0.02588168533584937, 0.02203073451610135, 0.022503587927904193, 0.018476080840582276, 0.018037372262624196, 0.016952309437916577, 0.019849388161514263, 0.018531775042825535, 0.02134650618602521, 0.018450598882829423, 0.017215517972475374], "val_acc": [0.9283582089552239, 0.9708126036484246, 0.9845771144278607, 0.9854063018242123, 0.9854063018242123, 0.9854063018242123, 0.9900497512437811, 0.9865671641791045, 0.9882255389718076, 0.9900497512437811, 0.9923714759535655, 0.9923714759535655, 0.9935323383084577, 0.9927031509121061, 0.9943615257048093, 0.9950248756218906, 0.9945273631840796, 0.9940298507462687, 0.9941956882255389, 0.9951907131011609, 0.9948590381426202, 0.9956882255389718, 0.996351575456053, 0.9966832504145937, 0.9948590381426202, 0.996351575456053, 0.9953565505804312, 0.9955223880597015, 0.9961857379767828]}