{"train_loss": [1.5829915591140291, 1.7986459850671872, 1.0135844169564507, 0.8354379505660403, 0.7975741102920836, 0.6751007392038754, 0.6651678954783957, 0.6192767355572525, 0.5945708489388376, 0.5596201410341025, 0.5327683101542553, 0.5198409293124925, 0.4066423119004093, 0.37213192935755, 0.3491851379325734, 0.34694074163982525, 0.3292019341270722, 0.3345892839763888, 0.33630194325389257, 0.3281863748434171, 0.2604157674964981, 0.2604726607230172, 0.25348337566229834, 0.2599159933367179, 0.2500356257554904, 0.2582518205046654, 0.2437912089314627, 0.2392555243933379, 0.22741300009969456], "train_acc": [0.006135986733001658, 0.7193200663349917, 0.8554726368159205, 0.8799751243781094, 0.885033167495854, 0.9023217247097844, 0.9048507462686567, 0.9118573797678275, 0.9164593698175788, 0.9196517412935323, 0.924502487562189, 0.9263681592039801, 0.9437396351575456, 0.9473051409618574, 0.9512023217247098, 0.9507462686567164, 0.9519071310116086, 0.9507048092868988, 0.9509535655058043, 0.9524046434494196, 0.9613598673300165, 0.9629767827529021, 0.9631011608623549, 0.9625207296849088, 0.9635986733001658, 0.9620646766169154, 0.9659618573797678, 0.9660862354892206, 0.9663349917081261], "train_radical_acc": [0.8241293532338309, 0.9291044776119403, 0.9543532338308458, 0.9635572139303482, 0.9635986733001658, 0.9702321724709785, 0.9703980099502487, 0.972346600331675, 0.9735489220563848, 0.9759535655058044, 0.9754145936981757, 0.9769071310116086, 0.9825456053067994, 0.983955223880597, 0.9845356550580431, 0.9838308457711443, 0.9860696517412936, 0.984742951907131, 0.9842039800995025, 0.9847844112769486, 0.9878109452736319, 0.9879353233830845, 0.9888059701492538, 0.987893864013267, 0.9880597014925373, 0.9888059701492538, 0.9886401326699834, 0.9903399668325041, 0.9899253731343284], "train_stroke_acc": [0.5984660033167496, 0.8111111111111111, 0.8830431177446103, 0.9014510779436152, 0.908955223880597, 0.9216417910447762, 0.9238391376451078, 0.9269071310116086, 0.9317164179104478, 0.9353233830845771, 0.9404643449419569, 0.939179104477612, 0.9517827529021559, 0.9543532338308458, 0.9575041459369817, 0.9589137645107795, 0.9604892205638474, 0.9602819237147595, 0.9597844112769486, 0.9595356550580432, 0.967330016583748, 0.9669983416252073, 0.9688640132669983, 0.9686152570480928, 0.9703150912106135, 0.9692371475953565, 0.969485903814262, 0.9708955223880597, 0.9718076285240465], "val_loss": [0.34781586747264387, 0.4062086062348304, 0.2502880299565804, 0.12611766959081835, 0.09806997764169874, 0.2553812973534883, 0.09802376144561008, 0.09786001796746135, 0.07761700214882988, 0.21503951688904074, 0.07003264039829003, 0.08350649123411366, 0.048175241536836125, 0.05590215296906174, 0.054312831619569096, 0.054746534598907874, 0.04332609748263931, 0.05005558068627742, 0.05451275529924882, 0.056905891616719856, 0.043429132040464946, 0.04091436371244305, 0.039526324070508205, 0.040208936877900836, 0.040622559696927074, 0.03318345391965328, 0.04550376296441872, 0.0394903794686259, 0.03944543715058455], "val_acc": [0.007960199004975124, 0.9316749585406302, 0.965837479270315, 0.9774461028192372, 0.9844112769485904, 0.9641791044776119, 0.9860696517412936, 0.9857379767827529, 0.9903814262023217, 0.9787728026533997, 0.9903814262023217, 0.9893864013266999, 0.9933665008291874, 0.9933665008291874, 0.9943615257048093, 0.9933665008291874, 0.9956882255389718, 0.9933665008291874, 0.9940298507462687, 0.9940298507462687, 0.9950248756218906, 0.9956882255389718, 0.9960199004975124, 0.9966832504145937, 0.9956882255389718, 0.996351575456053, 0.9940298507462687, 0.9960199004975124, 0.9960199004975124], "val_radical_acc": [0.975787728026534, 0.9903814262023217, 0.991044776119403, 0.9970149253731343, 0.9983416252072969, 0.9940298507462687, 0.9986733001658374, 0.9980099502487563, 0.9993366500829187, 0.9890547263681592, 0.9983416252072969, 0.9980099502487563, 1.0, 0.9993366500829187, 0.9990049751243781, 0.9990049751243781, 0.9996683250414594, 0.9993366500829187, 0.9983416252072969, 0.9983416252072969, 0.9993366500829187, 0.9993366500829187, 0.9996683250414594, 0.9996683250414594, 0.9996683250414594, 0.9996683250414594, 0.9990049751243781, 0.9993366500829187, 0.9996683250414594], "val_stroke_acc": [0.900497512437811, 0.9442786069651742, 0.9628524046434495, 0.9864013266998342, 0.9903814262023217, 0.9681592039800995, 0.984742951907131, 0.9877280265339967, 0.9923714759535655, 0.9767827529021559, 0.9920398009950249, 0.9913764510779436, 0.9940298507462687, 0.993698175787728, 0.9943615257048093, 0.9943615257048093, 0.9960199004975124, 0.993698175787728, 0.9943615257048093, 0.9953565505804312, 0.9956882255389718, 0.9970149253731343, 0.996351575456053, 0.996351575456053, 0.997346600331675, 0.996351575456053, 0.9960199004975124, 0.9970149253731343, 0.9966832504145937]}