{"train_loss": [7.828912952577485, 2.0921917174839453, 0.667448911292959, 0.5083979134213864, 0.4366661485934137, 0.38806613033778753, 0.3590155704156142, 0.3343153880076706, 0.31220737200563314, 0.29803746131781184, 0.28385203322009334, 0.2728872953186952, 0.2631452430339929, 0.25569780082867477, 0.2486803510674538, 0.24570432190499056, 0.23845185699993604, 0.23434419550642396, 0.2275246307299069, 0.2243028324520809, 0.2206619021716146, 0.21753943405731332, 0.21535018173503434, 0.20943604822579967, 0.20778281378529928, 0.208870265178797, 0.203958113760912, 0.20200936417455015, 0.19678704001197928, 0.19682521459827135], "train_acc": [0.0015556492411467116, 0.5571943507588533, 0.8415303541315345, 0.8779468802698145, 0.8949388701517706, 0.9058642495784148, 0.9127930016863406, 0.918397976391231, 0.9235771500843171, 0.9268507588532884, 0.9301897133220911, 0.9326454468802698, 0.9348545531197302, 0.9363933389544689, 0.9386024451939292, 0.9394266441821247, 0.9409612141652614, 0.9415514333895447, 0.9431028667790894, 0.9439017706576729, 0.9447681281618887, 0.9454384485666104, 0.9459464586846543, 0.9473819561551433, 0.9479321247892074, 0.9477466273187184, 0.9489565767284992, 0.9493360033726813, 0.9506260539629005, 0.9504869308600338], "val_loss": [5.620970926654681, 0.7375399132522724, 0.14286155910455758, 0.7816308556117658, 0.6961500218183958, 0.17193303173850802, 0.3312240096589968, 0.026527987775435236, 0.41412173668007424, 0.14121503764622126, 0.21464461448522282, 0.34450738669647935, 0.444494048328866, 0.3668947298671504, 0.060756130194382564, 0.29069355090995264, 0.4883602178760162, 0.13909558762386315, 0.11169022863068026, 0.05875472256571406, 0.09060163242519405, 0.1391081982167535, 0.11556363226289894, 0.06786384082262673, 0.08174677480232052, 0.1713890886397225, 0.07936021559907855, 0.13145135398859922, 0.06137865596185446, 0.01857113138425461], "val_acc": [0.029376053962900505, 0.8441652613827993, 0.9620910623946037, 0.8099325463743676, 0.8232377740303541, 0.9578246205733558, 0.9174030354131535, 0.9931197301854975, 0.8951096121416526, 0.965362563237774, 0.9434064080944351, 0.918566610455312, 0.8914839797639124, 0.9047048903878584, 0.9856323777403035, 0.9296795952782462, 0.8804384485666105, 0.9661214165261383, 0.9682799325463743, 0.9861045531197302, 0.9770489038785835, 0.9658010118043845, 0.9719224283305228, 0.9837774030354132, 0.9797639123102867, 0.9577740303541316, 0.9806408094435076, 0.9697807757166947, 0.9843338954468803, 0.9955649241146711]}