{"train_loss": [1.0346533530808617, 0.42204527594678704, 0.33651643984969914, 0.298863877589477, 0.2808882791562916, 0.24963318935452283, 0.23218322838496766, 0.220786568348601, 0.2074333408056963, 0.19425001918100185, 0.18852582697076228, 0.18654677170789158, 0.16731939672129434, 0.16623746313411372, 0.156198095357173, 0.15765108292880434, 0.14798495805359133, 0.14089269687040443, 0.138268901248367, 0.14007660290044985, 0.1365167028418359, 0.12467670121141411, 0.1230178350372883, 0.12433757601024319, 0.12046076128899844, 0.11271229562945526, 0.11295507390528868, 0.11196898608742692, 0.11291526384503799, 0.10833284249644787], "train_acc": [0.7320838157222275, 0.8790533704642406, 0.9024896481950833, 0.9125024771321589, 0.917738352263838, 0.926363987191923, 0.93170416262503, 0.934593280974582, 0.9387965831221252, 0.9422280630391022, 0.9429581651490972, 0.9446478300322287, 0.9494977940486248, 0.9499462853447647, 0.9520114313130364, 0.9523556223077485, 0.9548171094214463, 0.9576436475901415, 0.9583528896398511, 0.9575289172585709, 0.9584884800317073, 0.961586198984115, 0.9623684512448241, 0.961586198984115, 0.9632445737768183, 0.9660606819153708, 0.9651532692929482, 0.9656226206493737, 0.9653514398656612, 0.966634333573224], "val_loss": [0.26935988347414447, 0.20659196616388384, 0.1752283622564754, 0.12159967090167359, 0.10031944578777498, 0.1026286485005098, 0.11863376293069139, 0.09214361918653426, 0.09055156184153036, 0.09531690367160606, 0.11866565144361911, 0.08574246039559184, 0.08026938929787401, 0.09021561481729946, 0.08280564604530935, 0.08058681874181946, 0.06981191036742658, 0.07434870364392354, 0.08208875573076405, 0.08088689262454066, 0.07198559779408771, 0.07675016876635295, 0.06386174437659352, 0.06637049823970033, 0.07033862237195618, 0.06720176439152575, 0.06730423764412569, 0.07447381204430183, 0.07190334629977266, 0.06450266575694968], "val_acc": [0.9198423127463863, 0.9401163882110005, 0.9508165947062136, 0.9652712596207997, 0.9698704711845316, 0.9709029472498593, 0.9678993805143608, 0.9739065139853577, 0.9749389900506852, 0.9767223577998874, 0.9696827482635629, 0.9779425567861836, 0.97981978599587, 0.9783180026281209, 0.9787873099305425, 0.980382954758776, 0.980664539140229, 0.9819785995870096, 0.9807584006007134, 0.980664539140229, 0.9818847381265252, 0.9819785995870096, 0.9843251360991176, 0.9834803829547588, 0.9831049371128214, 0.9831049371128214, 0.9833865214942744, 0.9805706776797447, 0.9829172141918529, 0.984982166322508]}