{"train_loss": [1.0956118428350974, 3.7234913228259092, 2.465420922440684, 2.2916988733356, 2.191007569327619, 2.1140479264757768, 2.0672366032229914, 2.0224224900782883, 1.9893934072025627, 1.9663809797273017, 1.9367079000211866, 1.9198609863537701, 1.9034126261563524, 1.8895188293504799, 1.8741505896969226, 1.859594623602831, 1.8525039087003508, 1.8427670977416932, 1.684569570060548, 1.645897918855729, 1.632077761229404, 1.625076871995301, 1.6147390202834344, 1.6081738916765642, 1.6070249804626886, 1.60188491447486, 1.6020420451812454, 1.593142079093641, 1.5937013738103938, 1.5904611796316945], "train_acc": [0.0002349131240928578, 0.703650801641036, 0.8615984160143633, 0.8837096138196034, 0.8967745589086608, 0.9061480120476874, 0.9111504031277005, 0.916568087052092, 0.9203581586166973, 0.9228771823848716, 0.9263840997374007, 0.9281606302383529, 0.9300609096171755, 0.9317640297668487, 0.9333434010386515, 0.9348955056085508, 0.9357659426308592, 0.9370286006728583, 0.9522958563002861, 0.9545527002424639, 0.9554734757913635, 0.9553455320362773, 0.9567172568858909, 0.9568934417289606, 0.9570192880454389, 0.9570947958353259, 0.9572646883625716, 0.957902309699395, 0.9581204433146242, 0.9582609717013583], "train_radical_acc": [0.7610241373235005, 0.8128245786245837, 0.9147852642353158, 0.9270636698463836, 0.9333622779861234, 0.9384527614876712, 0.9425364744573926, 0.9445542103982616, 0.9474675526247347, 0.9486588977540628, 0.9508654031696492, 0.9517610094552532, 0.9529964007953488, 0.9541038483803579, 0.9554000654400846, 0.9563103537959444, 0.9564844412004061, 0.9575960836626312, 0.9641484818739355, 0.9658683815324726, 0.9666402389402062, 0.9677476865252154, 0.9680623023164112, 0.9686411953722115, 0.9686202209861318, 0.9691215088134371, 0.9690795600412776, 0.9697066941850612, 0.9698220533084997, 0.9703694847851804], "train_stroke_acc": [0.5447446578238655, 0.6996300118295538, 0.8552830283657598, 0.8840556911899189, 0.8976827498259126, 0.9082517429714833, 0.9142189558111634, 0.919705855209618, 0.9235252909147349, 0.9262079148943311, 0.9293813395081926, 0.9311977213426963, 0.9337167451108705, 0.9351136392237799, 0.9362651330195565, 0.9383835460136082, 0.9390945777017107, 0.9400656917772017, 0.9487763543161092, 0.9515156091381205, 0.9529271853212856, 0.9531495138137307, 0.9544163667329457, 0.9547939056823807, 0.9549113622444271, 0.9553413371590613, 0.9555720554059383, 0.9567172568858909, 0.956417323164951, 0.9569731443960635], "val_loss": [0.16962229013513003, 1.742994186509991, 1.6121867738063562, 1.5766293851311026, 1.5128464268969164, 1.4740943102654502, 1.4542104193600836, 1.4420719770578996, 1.4272380707143768, 1.4296980671726127, 1.406888951814545, 1.4251339649608434, 1.394509141977557, 1.3937569275519393, 1.3839871184490968, 1.3902950901434368, 1.381520702427798, 1.3836986854641427, 1.289339318140392, 1.2803407656249524, 1.2772440747275706, 1.2776271539435657, 1.2663909613954132, 1.2707296573233224, 1.2659425875253907, 1.259858375188048, 1.2620398195024, 1.2644121244182698, 1.2600201374492803, 1.264966821916968], "val_acc": [8.389824820457748e-05, 0.9667930733606283, 0.9726827303845895, 0.9755184911739043, 0.9835727230015437, 0.9868279750318814, 0.9871635680246996, 0.9857876367541446, 0.988875092288073, 0.9886066178938184, 0.9895127189744278, 0.988287804550641, 0.9910396670917512, 0.9905530572521646, 0.9914423786831331, 0.9898315323176052, 0.9899657695147326, 0.9907040740989328, 0.9938083092825022, 0.9947311900127526, 0.9946808510638298, 0.9941606819249614, 0.995637291093362, 0.9954359352976709, 0.9957379689912075, 0.9957379689912075, 0.9957211893415665, 0.9960567823343849, 0.996023223035103, 0.9953184777501846], "val_radical_acc": [0.9749479830861132, 0.9845795019799987, 0.9885227196456138, 0.9888079736895093, 0.9928854285522518, 0.9930700046983019, 0.9940264447278341, 0.994429156319216, 0.9951339016041345, 0.9942110208738841, 0.9954862742465937, 0.9946640714141889, 0.9957379689912075, 0.9955366131955165, 0.9957379689912075, 0.99523457950198, 0.9949996644070072, 0.9955869521444393, 0.995821867239412, 0.9964594939257668, 0.9965769514732532, 0.9963588160279213, 0.9968118665682261, 0.9967447479696624, 0.9970803409624807, 0.9971810188603262, 0.9969964427142761, 0.9969293241157124, 0.9971474595610443, 0.9970467816631988], "val_stroke_acc": [0.9213202228337473, 0.9703503590845023, 0.9834888247533391, 0.9839586549432848, 0.9903852607557554, 0.9914088193838513, 0.9926337338076381, 0.9930700046983019, 0.9937915296328612, 0.9935733941875293, 0.9942110208738841, 0.9924994966105107, 0.99505000335593, 0.9939257668299886, 0.996023223035103, 0.9936740720853748, 0.9940264447278341, 0.9943620377206523, 0.9946472917645479, 0.9961239009329486, 0.9956037317940801, 0.9954023759983891, 0.996627290422176, 0.9963755956775623, 0.9963252567286395, 0.9968118665682261, 0.996425934626485, 0.9966776293710987, 0.9968622055171488, 0.9967783072689442]}