{"train_loss": [0.05984995305538177, 0.03403987055778503, 0.031103830585479737, 0.029472813215255737, 0.02841702630996704, 0.02759599142551422, 0.02690087779045105, 0.026394332094192504, 0.025961135816574096, 0.025565317859649658, 0.025269723806381227, 0.024964807510375976, 0.02472070212841034, 0.02450696970462799, 0.024300426573753357, 0.024079287056922912, 0.023911535568237306, 0.02373856656551361, 0.023615367226600646, 0.023475527029037477, 0.02333698892593384, 0.02320347352027893, 0.023090718417167665, 0.022960597138404846, 0.022846764287948608, 0.02278313072681427, 0.02269268190383911, 0.022596226263046266, 0.022503676557540892, 0.022437067842483522, 0.022347122106552125, 0.02231059186935425, 0.02223654562473297, 0.022184836530685426, 0.022106130962371826, 0.022023651823997497, 0.021972448592185972, 0.02192427680015564, 0.021861680970191956, 0.02180937798500061, 0.021752331352233888, 0.02170402032375336, 0.021685831875801087, 0.021601525535583498, 0.021552872486114504, 0.021535045914649963, 0.02148847424030304, 0.021457160439491273, 0.02141454179763794, 0.02136809262275696, 0.021319531846046447, 0.021308634452819823, 0.021255009207725526, 0.021203372282981872, 0.021204112191200258, 0.021129916191101075, 0.02110058873653412, 0.02106280596733093, 0.021053526000976562, 0.0210122220993042, 0.020968096680641174, 0.020938040604591368, 0.02090549274921417, 0.020889682416915894, 0.020844584827423095, 0.020816829586029054, 0.020801718916893006, 0.02079197054862976, 0.020744445462226868, 0.020707027139663697, 0.02069067699432373, 0.02065976948738098, 0.02062948863506317, 0.02059673637866974, 0.020593437566757203, 0.02058048900127411, 0.020544759612083435, 0.02051667468547821, 0.020479233889579774, 0.020458922119140625, 0.020435371041297914, 0.020435334568023683, 0.020414450798034667, 0.02037997748374939, 0.020357281942367553, 0.02034559292793274, 0.02000176624774933, 0.01989639045238495, 0.019844615511894224, 0.01981007321357727, 0.019785640420913696, 0.019758507385253907, 0.019742875294685363, 0.019733337769508363, 0.01971806240081787, 0.01969369718551636, 0.019679909267425535, 0.019673415856361388, 0.019660050444602967, 0.019624756846427917], "val_loss": [0.03594557364171541, 0.03154331178750583, 0.030152844947954057, 0.028637940999566174, 0.02779381197382072, 0.027373007300261574, 0.026647570990478847, 0.02624886091595953, 0.026180101028254455, 0.02591884307806414, 0.025281145796894798, 0.02502941799255342, 0.024900348805801577, 0.024877365399688312, 0.02459197355552278, 0.02443942315137623, 0.02433958365531282, 0.024289618603174915, 0.02397035118561865, 0.02433859546902999, 0.02381724142067263, 0.023975317133441615, 0.023595281350482982, 0.023601285479271632, 0.023487241925601386, 0.02348588817941784, 0.023464217524610875, 0.023364663162219242, 0.023278932653782235, 0.023247448588058266, 0.023253216357545372, 0.023432629808583325, 0.023383660417143078, 0.023054792495088097, 0.022956762493838885, 0.02300036411138963, 0.022992928784700516, 0.02300807217795042, 0.022856023398562266, 0.022837236838240082, 0.022865400433311537, 0.022861430603803464, 0.022777172440683238, 0.022718232790018913, 0.022805672346287175, 0.022836943619997167, 0.022756121628420216, 0.022981571258830474, 0.02269220542846699, 0.022662395326586312, 0.022627332122068106, 0.02258234895808683, 0.022583433358393187, 0.02263237292844366, 0.022604961732375035, 0.022606433200592118, 0.022589604670011455, 0.02254999099598431, 0.022599387649382373, 0.022540210724182032, 0.022776493908728993, 0.02249158096099922, 0.022523853043600755, 0.022736874095003953, 0.022487969674594266, 0.022534767595987937, 0.022493361397119035, 0.022467406453494453, 0.022452094352024148, 0.02246346812330601, 0.02248125040447262, 0.022515438873647348, 0.022430765346617403, 0.022450917284227837, 0.02252385193769244, 0.02241438566227411, 0.02247397307013367, 0.022428842248324775, 0.022463548816478336, 0.022375176674421217, 0.02238439617443756, 0.022473575743969937, 0.022456865774387744, 0.02247428230497979, 0.02249054872905758, 0.022458811982350706, 0.0222261472154106, 0.02220467802659106, 0.022205498915639964, 0.02220655174035715, 0.022226609027469608, 0.022206672093689785, 0.02220153541650363, 0.022218834415735987, 0.022226089403099992, 0.022213564571934637, 0.022240213720903745, 0.022227181544764562, 0.02223692074542006, 0.022245759965514648], "train_iou": [0.9017832844269276, 0.9346924397802353, 0.9400071014261245, 0.9430034647846222, 0.9449562243843078, 0.9464845568847656, 0.9477817111492157, 0.9487270048570633, 0.9495380757331848, 0.9502788344955444, 0.9508335467529296, 0.9514068200063706, 0.9518674420833587, 0.9522695981502532, 0.9526600612449646, 0.9530763048124313, 0.9533927305173874, 0.9537197651624679, 0.9539517807245255, 0.9542160974884033, 0.9544782708740235, 0.954731605296135, 0.9549432104682922, 0.9551911019992828, 0.9554059879398346, 0.9555259626722336, 0.9556981389045716, 0.9558811548757553, 0.9560566044807434, 0.9561830414485931, 0.9563531861925125, 0.956422518901825, 0.9565638574314117, 0.9566618121862411, 0.9568107496404648, 0.9569682852125168, 0.9570651262331009, 0.9571570205450058, 0.9572758055686951, 0.9573751223373413, 0.9574837859582901, 0.9575748429441452, 0.9576096049880981, 0.9577703763866424, 0.9578624994564057, 0.9578960603952408, 0.9579847681427002, 0.9580443591547012, 0.9581259547042846, 0.9582143783950806, 0.9583070114660263, 0.9583276289892196, 0.9584297065639495, 0.9585277964639664, 0.9585259048986435, 0.958668043847084, 0.9587239218187332, 0.9587965536499024, 0.9588136948919296, 0.9588918166065216, 0.9589757530736923, 0.9590333908939361, 0.9590952880716324, 0.9591259503936768, 0.9592110285234451, 0.959264377951622, 0.959292515244484, 0.9593113659000396, 0.9594028919458389, 0.959473483285904, 0.959504706659317, 0.9595635274362564, 0.9596218034553528, 0.9596841123580933, 0.9596899862337113, 0.9597149134445191, 0.9597837111997605, 0.9598364942550659, 0.9599082968425751, 0.9599468668651581, 0.9599918081092834, 0.9599921171140671, 0.9600316631269455, 0.9600982201671601, 0.9601408084106445, 0.9601629955911636, 0.9608251735448837, 0.9610288124275208, 0.9611290348577499, 0.9611948335647583, 0.9612420580244064, 0.9612941185760498, 0.9613244867515564, 0.9613427785682678, 0.9613725490331649, 0.9614195489978791, 0.9614454448556901, 0.9614583909463883, 0.9614844254827499, 0.9615523653411865],